
INSERT INTO my_new.provided_app (app_code, app_name, domain, app_icon, description) VALUES (1, 'Adobe Photoshop Express', 'https://photoshop.adobe.com', 'ico-app-photoshopexpress.svg', '포토샵 익스프레스');
INSERT INTO my_new.provided_app (app_code, app_name, domain, app_icon, description) VALUES (2, 'Adobe Spark', 'https://spark.adobe.com', 'ico-app-adobespark.svg', '어도비 스파크');
INSERT INTO my_new.provided_app (app_code, app_name, domain, app_icon, description) VALUES (3, 'Airtable', 'https://airtable.com', 'ico-app-airtable.svg', '에어테이블');
INSERT INTO my_new.provided_app (app_code, app_name, domain, app_icon, description) VALUES (4, 'AM Charts', 'https://www.amcharts.com', 'ico-app-amcharts.svg', '에이엠차트');
INSERT INTO my_new.provided_app (app_code, app_name, domain, app_icon, description) VALUES (5, 'Asana', 'https://asana.com', 'ico-app-asana.svg', '아사나');
INSERT INTO my_new.provided_app (app_code, app_name, domain, app_icon, description) VALUES (6, 'Bitbucket', 'https://www.atlassian.com/software/bitbucket', 'ico-app-bitbucket.svg', '빗버킷');
INSERT INTO my_new.provided_app (app_code, app_name, domain, app_icon, description) VALUES (7, 'Bitly', 'https://bit.ly', 'ico-app-bitly.svg', '비틀리');
INSERT INTO my_new.provided_app (app_code, app_name, domain, app_icon, description) VALUES (8, 'Board', 'https://letsboard.co', 'ico-app-board.svg', '보드');
INSERT INTO my_new.provided_app (app_code, app_name, domain, app_icon, description) VALUES (9, 'Buffer', 'https://buffer.com', 'ico-app-buffer.svg', '버퍼');
INSERT INTO my_new.provided_app (app_code, app_name, domain, app_icon, description) VALUES (10, 'Canva', 'https://canva.com', 'ico-app-canva.svg', '칸바');
INSERT INTO my_new.provided_app (app_code, app_name, domain, app_icon, description) VALUES (11, 'Coda', 'https://coda.io', 'ico-app-coda.svg', '코다');
INSERT INTO my_new.provided_app (app_code, app_name, domain, app_icon, description) VALUES (12, 'Code Sandbox', 'https://codesandbox.io', 'ico-app-codesandbox.svg', '코드 샌드박스');
INSERT INTO my_new.provided_app (app_code, app_name, domain, app_icon, description) VALUES (13, 'CodePen', 'https://codepen.io', 'ico-app-codepen.svg', '코드펜');
INSERT INTO my_new.provided_app (app_code, app_name, domain, app_icon, description) VALUES (14, 'Confluence', 'https://www.atlassian.com/software/confluence', 'ico-app-confluence.svg', '컨플루언스');
INSERT INTO my_new.provided_app (app_code, app_name, domain, app_icon, description) VALUES (15, 'Dashlane', 'https://dashlane.com', 'ico-app-dashlane.svg', '대시래인');
INSERT INTO my_new.provided_app (app_code, app_name, domain, app_icon, description) VALUES (16, 'DB Diagram', 'https://dbdiagram.io', 'ico-app-dbdiagram.svg', '디비다이어그램');
INSERT INTO my_new.provided_app (app_code, app_name, domain, app_icon, description) VALUES (17, 'Discord', 'https://discord.com', 'ico-app-discord.svg', '디스코드');
INSERT INTO my_new.provided_app (app_code, app_name, domain, app_icon, description) VALUES (18, 'Dropbox paper', 'https://dropbox.com', 'ico-app-dropboxpaper.svg', '드랍박스 페이퍼');
INSERT INTO my_new.provided_app (app_code, app_name, domain, app_icon, description) VALUES (19, 'Fast Poll', 'https://fast-poll.com', 'ico-app-fastpoll.svg', '패스트 폴');
INSERT INTO my_new.provided_app (app_code, app_name, domain, app_icon, description) VALUES (20, 'Figma', 'https://figma.com', 'ico-app-figma.svg', '피그마');
INSERT INTO my_new.provided_app (app_code, app_name, domain, app_icon, description) VALUES (21, 'Github', 'https://github.com', 'ico-app-github.svg', '깃헙');
INSERT INTO my_new.provided_app (app_code, app_name, domain, app_icon, description) VALUES (22, 'Glitch', 'https://glitch.com', 'ico-app-glitch.svg', '글리치');
INSERT INTO my_new.provided_app (app_code, app_name, domain, app_icon, description) VALUES (23, 'Gmail', 'https://gmail.com', 'ico-app-gmail.svg', '지메일');
INSERT INTO my_new.provided_app (app_code, app_name, domain, app_icon, description) VALUES (24, 'Google Calendar', 'https://calendar.google.com', 'ico-app.gcalendar.svg', '구글 캘린더');
INSERT INTO my_new.provided_app (app_code, app_name, domain, app_icon, description) VALUES (25, 'Google Docs', 'https://google.com/docs/about', 'ico-app-gdocs.svg', '구글 닥스');
INSERT INTO my_new.provided_app (app_code, app_name, domain, app_icon, description) VALUES (26, 'Google Forms', 'https://google.com/forms/about', 'ico-app-gform.svg', '구글 폼');
INSERT INTO my_new.provided_app (app_code, app_name, domain, app_icon, description) VALUES (27, 'Google Keep', 'https://google.com/keep', 'ico-app-keep.svg', '구글 킵');
INSERT INTO my_new.provided_app (app_code, app_name, domain, app_icon, description) VALUES (28, 'Google Meet', 'https://meet.google.com', 'ico-app-meet.svg', '구글 밋');
INSERT INTO my_new.provided_app (app_code, app_name, domain, app_icon, description) VALUES (29, 'Google Slides', 'https://google.com/slides/about', 'ico-app-gslide.svg', '구글 슬라이드');
INSERT INTO my_new.provided_app (app_code, app_name, domain, app_icon, description) VALUES (30, 'Google Spreadsheet', 'https://google.com/sheets/about', 'ico-app-gsheet.svg', '구글 스프레드시트');
INSERT INTO my_new.provided_app (app_code, app_name, domain, app_icon, description) VALUES (31, 'Gotalk', 'https://gotalk.to', 'ico-app-gotalk.svg', '고톡');
INSERT INTO my_new.provided_app (app_code, app_name, domain, app_icon, description) VALUES (32, 'ICQ', 'https://icq.com', 'ico-app-icq.svg', '아이시큐');
INSERT INTO my_new.provided_app (app_code, app_name, domain, app_icon, description) VALUES (33, 'Jira', 'https://atlassian.com/software/jira', 'ico-app-jira.svg', '지라');
INSERT INTO my_new.provided_app (app_code, app_name, domain, app_icon, description) VALUES (34, 'Linear', 'https://linear.app', 'ico-app-linear.svg', '리니어');
INSERT INTO my_new.provided_app (app_code, app_name, domain, app_icon, description) VALUES (35, 'Medium', 'https://medium.com', 'ico-app-medium.svg', '미디엄');
INSERT INTO my_new.provided_app (app_code, app_name, domain, app_icon, description) VALUES (36, 'Memo', 'https://usememo.com', 'ico-app-memo.svg', '메모');
INSERT INTO my_new.provided_app (app_code, app_name, domain, app_icon, description) VALUES (37, 'MS Excel', 'https://microsoft.com/microsoft-365/excel', 'ico-app-msexcel.svg', '엠에스 엑셀');
INSERT INTO my_new.provided_app (app_code, app_name, domain, app_icon, description) VALUES (38, 'MS PowerPoint', 'https://microsoft.com/microsoft-365/powerpoint', 'ico-app-mspowerpoint.svg', '엠에스 파워포인트');
INSERT INTO my_new.provided_app (app_code, app_name, domain, app_icon, description) VALUES (39, 'MS Sway', 'https://sway.office.com', 'ico-app-mssway.svg', '엠에스 스웨이');
INSERT INTO my_new.provided_app (app_code, app_name, domain, app_icon, description) VALUES (40, 'MS Teams', 'https://microsoft.com/microsoft-365/microsoft-teams', 'ico-app-msteams.svg', '엠에스 팀');
INSERT INTO my_new.provided_app (app_code, app_name, domain, app_icon, description) VALUES (41, 'MS Word', 'https://microsoft.com/microsoft-365/word', 'ico-app-msword.svg', '엠에스 워드');
INSERT INTO my_new.provided_app (app_code, app_name, domain, app_icon, description) VALUES (42, 'Mux', 'https://mux.com', 'ico-app-mux.svg', '먹스');
INSERT INTO my_new.provided_app (app_code, app_name, domain, app_icon, description) VALUES (43, 'RunKit', 'https://runkit.com', 'ico-app-runkit.svg', '런킷');
INSERT INTO my_new.provided_app (app_code, app_name, domain, app_icon, description) VALUES (44, 'Stackbit', 'https://stackbit.com', 'ico-app-stackbit.svg', '스택킷');
INSERT INTO my_new.provided_app (app_code, app_name, domain, app_icon, description) VALUES (45, 'Stripe', 'https://stripe.com', 'ico-app-stripe.svg', '스트라이프');
INSERT INTO my_new.provided_app (app_code, app_name, domain, app_icon, description) VALUES (46, 'Taskade', 'https://taskade.com', 'ico-app-taskade.svg', '테스케이드');
INSERT INTO my_new.provided_app (app_code, app_name, domain, app_icon, description) VALUES (47, 'Vercel', 'https://vercel.com', 'ico-app-vercel.svg', '버셀');
INSERT INTO my_new.provided_app (app_code, app_name, domain, app_icon, description) VALUES (48, 'WeTransfer', 'https://wetransfer.com', 'ico-app-wetransfer.svg', '위트랜스퍼');
INSERT INTO my_new.provided_app (app_code, app_name, domain, app_icon, description) VALUES (49, 'Witeboard', 'https://witeboard.com', 'ico-app-witeboard.svg', '와이트보드');
INSERT INTO my_new.provided_app (app_code, app_name, domain, app_icon, description) VALUES (50, 'Wordpress', 'https://wordpress.com', 'ico-app-wordpress.svg', '워드프레스');
INSERT INTO my_new.provided_app (app_code, app_name, domain, app_icon, description) VALUES (51, 'Zoom', 'https://zoom.us','ico-app-zoom.svg', '줌');


INSERT INTO provided_action(provided_action_id, description, type, url, app_code) VALUE (1, 'New Design', 'LINK', 'https://photoshop.adobe.com', 1);
INSERT INTO provided_action(provided_action_id, description, type, url, app_code) VALUE (2, 'New Design', 'LINK', 'https://spark.adobe.com/sp/design/post/new', 2);
INSERT INTO provided_action(provided_action_id, description, type, url, app_code) VALUE (3, 'New IG Story Design', 'LINK', 'https://spark.adobe.com/sp/design/post/new?workflow=blank&fallbackThresh=default&trigger=CreateProjectMenu&aspectId=InstagramStory', 2);
INSERT INTO provided_action(provided_action_id, description, type, url, app_code) VALUE (4, 'New IG Post Design', 'LINK', 'https://spark.adobe.com/sp/design/post/new?workflow=blank&fallbackThresh=default&trigger=CreateProjectMenu&aspectId=Instagram', 2);
INSERT INTO provided_action(provided_action_id, description, type, url, app_code) VALUE (5, 'New FB Post Design', 'LINK', 'https://spark.adobe.com/sp/design/post/new?workflow=blank&fallbackThresh=default&trigger=CreateProjectMenu&aspectId=Facebook', 2);
INSERT INTO provided_action(provided_action_id, description, type, url, app_code) VALUE (6, 'New Logo', 'LINK', 'https://spark.adobe.com/express-apps/logo-maker', 2);
INSERT INTO provided_action(provided_action_id, description, type, url, app_code) VALUE (7, 'New Base', 'LINK', 'https://airtable.com/templates', 3);
INSERT INTO provided_action(provided_action_id, description, type, url, app_code) VALUE (8, 'New Spring Board', 'LINK', 'https://airtable.com/addBaseFromShare/shrhf7WgpbGSr6mfH', 3);
INSERT INTO provided_action(provided_action_id, description, type, url, app_code) VALUE (9, 'New Feedback Board', 'LINK', 'https://airtable.com/addBaseFromShare/shrQoEF08dYmNge7q', 3);
INSERT INTO provided_action(provided_action_id, description, type, url, app_code) VALUE (10, 'New OKR Tracker', 'LINK', 'https://airtable.com/addBaseFromShare/shr3DiMl34fcN4apJ', 3);
INSERT INTO provided_action(provided_action_id, description, type, url, app_code) VALUE (11, 'New Lightweight CRM', 'LINK', 'https://airtable.com/addBaseFromShare/shrxLL1Ffb9FENsIZ', 3);
INSERT INTO provided_action(provided_action_id, description, type, url, app_code) VALUE (12, 'New Application Tracker', 'LINK', 'https://airtable.com/addBaseFromShare/shrJokPGKR6CctIRI', 3);
INSERT INTO provided_action(provided_action_id, description, type, url, app_code) VALUE (13, 'New Content Calendar', 'LINK', 'https://airtable.com/addBaseFromShare/shrcqhI6ZT5J59Nkm', 3);
INSERT INTO provided_action(provided_action_id, description, type, url, app_code) VALUE (14, 'New Project Tracker', 'LINK', 'https://airtable.com/addBaseFromShare/shrA2JjiD7VsYqAPA', 3);
INSERT INTO provided_action(provided_action_id, description, type, url, app_code) VALUE (15, 'New Campaign Tracker', 'LINK', 'https://airtable.com/addBaseFromShare/shrJ1eC3EFybiLAD8', 3);
INSERT INTO provided_action(provided_action_id, description, type, url, app_code) VALUE (16 , 'New Product Catalog', 'LINK', 'https://airtable.com/addBaseFromShare/shrOtaKUwUbYocov4?utm_source=template_copy', 3);
INSERT INTO provided_action(provided_action_id, description, type, url, app_code) VALUE (17 , 'New Chart', 'LINK', 'https://live.amcharts.com/new', 4);
INSERT INTO provided_action(provided_action_id, description, type, url, app_code) VALUE (18 , 'New Task', 'LINK', 'https://app.asana.com/-/create_task', 5);
INSERT INTO provided_action(provided_action_id, description, type, url, app_code) VALUE (19 , 'New Repository', 'LINK', 'https://bitbucket.org/repo/create', 6);
INSERT INTO provided_action(provided_action_id, description, type, url, app_code) VALUE (20 , 'New Short Link', 'LINK', 'https://link.new', 7);
INSERT INTO provided_action(provided_action_id, description, type, url, app_code) VALUE (21 , 'New Whiteboard', 'LINK', 'https://board.new', 8);
INSERT INTO provided_action(provided_action_id, description, type, url, app_code) VALUE (22 , 'New Schedule', 'LINK', 'https://buffer.com/add', 9);
INSERT INTO provided_action(provided_action_id, description, type, url, app_code) VALUE (23 , 'New Design', 'LINK', 'https://www.canva.com/design/play', 10);
INSERT INTO provided_action(provided_action_id, description, type, url, app_code) VALUE (24 , 'New IG Story Design', 'LINK', 'https://www.canva.com/design/play?category=tACZCtLTC_A', 10);
INSERT INTO provided_action(provided_action_id, description, type, url, app_code) VALUE (25 , 'New IG Post Design', 'LINK', 'https://www.canva.com/design/play?category=tACFajEYUAM', 10);
INSERT INTO provided_action(provided_action_id, description, type, url, app_code) VALUE (26 , 'New FB Post Design', 'LINK', 'https://www.canva.com/design/play?category=tACFavw5Wlg', 10);
INSERT INTO provided_action(provided_action_id, description, type, url, app_code) VALUE (27 , 'New Youtube Thumbnail', 'LINK', 'https://www.canva.com/design/play?category=tACZCnmCPGY', 10);
INSERT INTO provided_action(provided_action_id, description, type, url, app_code) VALUE (28 , 'New Twitter Post Design', 'LINK', 'https://www.canva.com/design/play?category=tACFagP1mXg', 10);
INSERT INTO provided_action(provided_action_id, description, type, url, app_code) VALUE (29 , 'New Page', 'LINK', 'https://coda.new', 11);
INSERT INTO provided_action(provided_action_id, description, type, url, app_code) VALUE (30 , 'New Project', 'LINK', 'https://codesandbox.io/s', 12);
INSERT INTO provided_action(provided_action_id, description, type, url, app_code) VALUE (31 , 'New React Project', 'LINK', 'http://react.new', 12);
INSERT INTO provided_action(provided_action_id, description, type, url, app_code) VALUE (32 , 'New Vue Project', 'LINK', 'http://vue.new', 12);
INSERT INTO provided_action(provided_action_id, description, type, url, app_code) VALUE (33 , 'New Angular Project', 'LINK', 'http://ng.new', 12);
INSERT INTO provided_action(provided_action_id, description, type, url, app_code) VALUE (34 , 'New TS Project', 'LINK', 'http://ts.new', 12);
INSERT INTO provided_action(provided_action_id, description, type, url, app_code) VALUE (35 , 'New JS Project', 'LINK', 'http://js.new', 12);
INSERT INTO provided_action(provided_action_id, description, type, url, app_code) VALUE (36 , 'New Pen', 'LINK', 'http://codepen.io/pen', 13);
INSERT INTO provided_action(provided_action_id, description, type, url, app_code) VALUE (37 , 'New React Pen', 'LINK', 'https://codepen.io/pen/editor/react', 13);
INSERT INTO provided_action(provided_action_id, description, type, url, app_code) VALUE (38 , 'New Vue Pen', 'LINK', 'https://codepen.io/pen/editor/vue', 13);
INSERT INTO provided_action(provided_action_id, description, type, url, app_code) VALUE (39 , 'New Flutter Project', 'LINK', 'https://codepen.io/pen/editor/flutter', 13);
INSERT INTO provided_action(provided_action_id, description, type, url, app_code) VALUE (40 , 'New Page', 'LINK', 'https://{{organization-name}}.atlassian.net/wiki/home?createBlankFabricPage=true', 14);
INSERT INTO provided_action(provided_action_id, description, type, url, app_code) VALUE (41 , 'New Password', 'LINK', 'https://www.dashlane.com/features/password-generator', 15);
INSERT INTO provided_action(provided_action_id, description, type, url, app_code) VALUE (42 , 'New ERD Diagram', 'LINK', 'https://dbdiagram.io/d', 16);
INSERT INTO provided_action(provided_action_id, description, type, url, app_code) VALUE (43 , 'New Discord Server', 'LINK', 'http://discord.new', 17);
INSERT INTO provided_action(provided_action_id, description, type, url, app_code) VALUE (44 , 'New Pager', 'LINK', 'https://paper.new', 18);
INSERT INTO provided_action(provided_action_id, description, type, url, app_code) VALUE (45 , 'New Poll', 'LINK', 'https://fast-poll.com/new', 19);
INSERT INTO provided_action(provided_action_id, description, type, url, app_code) VALUE (46 , 'New .fig File', 'LINK', 'https://www.figma.com/file/new', 20);
INSERT INTO provided_action(provided_action_id, description, type, url, app_code) VALUE (47 , 'New Repository', 'LINK', 'https://repo.new', 21);
INSERT INTO provided_action(provided_action_id, description, type, url, app_code) VALUE (48 , 'New Gist', 'LINK', 'http://gist.new', 21);
INSERT INTO provided_action(provided_action_id, description, type, url, app_code) VALUE (49 , 'New Static Webpage', 'LINK', 'https://glitch.com/edit/#!/remix/hello-webpage', 22);
INSERT INTO provided_action(provided_action_id, description, type, url, app_code) VALUE (50 , 'New React Project', 'LINK', 'https://glitch.com/edit/#!/remix/hello-cra', 22);
INSERT INTO provided_action(provided_action_id, description, type, url, app_code) VALUE (51 , 'New Vue Project', 'LINK', 'https://glitch.com/edit/#!/remix/vue-ssr', 22);
INSERT INTO provided_action(provided_action_id, description, type, url, app_code) VALUE (52 , 'New Angular Project', 'LINK', 'https://glitch.com/edit/#!/remix/angular-quickstart', 22);
INSERT INTO provided_action(provided_action_id, description, type, url, app_code) VALUE (53 , 'New Ember Project', 'LINK', 'https://glitch.com/edit/#!/remix/ember', 22);
INSERT INTO provided_action(provided_action_id, description, type, url, app_code) VALUE (54 , 'New Svelte Project', 'LINK', 'https://glitch.com/edit/#!/remix/sveltejs-template-starter', 22);
INSERT INTO provided_action(provided_action_id, description, type, url, app_code) VALUE (55 , 'New Nuxt Project', 'LINK', 'https://glitch.com/edit/#!/remix/nuxt-hello-world', 22);
INSERT INTO provided_action(provided_action_id, description, type, url, app_code) VALUE (56 , 'New Express Project', 'LINK', 'https://glitch.com/edit/#!/remix/hello-express', 22);
INSERT INTO provided_action(provided_action_id, description, type, url, app_code) VALUE (57 , 'New SQLite Project', 'LINK', 'https://glitch.com/edit/#!/remix/hello-sqlite', 22);
INSERT INTO provided_action(provided_action_id, description, type, url, app_code) VALUE (58 , 'New Tensorflow Project', 'LINK', 'https://glitch.com/~hello-tensorflow', 22);
INSERT INTO provided_action(provided_action_id, description, type, url, app_code) VALUE (59 , 'New Email', 'LINK', 'https://mail.google.com/mail/u/0/#inbox?compose=new', 23);
INSERT INTO provided_action(provided_action_id, description, type, url, app_code) VALUE (60 , 'New Schedule', 'LINK', 'http://cal.new', 24);
INSERT INTO provided_action(provided_action_id, description, type, url, app_code) VALUE (61 , 'New Document', 'LINK', 'https://docs.google.com/document/u/0/create', 25);
INSERT INTO provided_action(provided_action_id, description, type, url, app_code) VALUE (62 , 'New Form', 'LINK', 'https://docs.google.com/forms/u/3/create', 26);
INSERT INTO provided_action(provided_action_id, description, type, url, app_code) VALUE (63 , 'New Memo', 'LINK', 'https://keep.google.com/u/0/?usp=dot_new#NEWNOTE', 27);
INSERT INTO provided_action(provided_action_id, description, type, url, app_code) VALUE (64 , 'New Video Call', 'LINK', 'https://meet.google.com/new', 28);
INSERT INTO provided_action(provided_action_id, description, type, url, app_code) VALUE (65 , 'New Slide', 'LINK', 'https://docs.google.com/presentation/u/3/create', 29);
INSERT INTO provided_action(provided_action_id, description, type, url, app_code) VALUE (66 , 'New Spreadsheet', 'LINK', 'https://docs.google.com/spreadsheets/u/3/create', 30);
INSERT INTO provided_action(provided_action_id, description, type, url, app_code) VALUE (67 , 'New Video Call', 'LINK', 'https://gotalk.to/{{random-characters}}', 31);
INSERT INTO provided_action(provided_action_id, description, type, url, app_code) VALUE (68 , 'New Chat', 'LINK', 'http://icq.new', 32);
INSERT INTO provided_action(provided_action_id, description, type, url, app_code) VALUE (69 , 'New Issue', 'LINK', 'https://{{organization-name}}.atlassian.net/secure/CreateIssue.jspa', 33);
INSERT INTO provided_action(provided_action_id, description, type, url, app_code) VALUE (70 , 'New Issue', 'LINK', 'https://linear.app/new', 34);
INSERT INTO provided_action(provided_action_id, description, type, url, app_code) VALUE (71 , 'New Story', 'LINK', 'https://medium.com/new-story', 35);
INSERT INTO provided_action(provided_action_id, description, type, url, app_code) VALUE (72 , 'New Sheet', 'LINK', 'https://app.usememo.com', 36);
INSERT INTO provided_action(provided_action_id, description, type, url, app_code) VALUE (73 , 'New Spread Sheet', 'LINK', 'https://excel.new', 37);
INSERT INTO provided_action(provided_action_id, description, type, url, app_code) VALUE (74 , 'New Slide', 'LINK', 'https://powerpoint.new', 38);
INSERT INTO provided_action(provided_action_id, description, type, url, app_code) VALUE (75 , 'New Story', 'LINK', 'https://sway.new', 39);
INSERT INTO provided_action(provided_action_id, description, type, url, app_code) VALUE (76 , 'New Chat', 'LINK', 'https://teams.microsoft.com/_#/conversations/newchat?ctx=chat', 40);
INSERT INTO provided_action(provided_action_id, description, type, url, app_code) VALUE (77 , 'New Document', 'LINK', 'https://word.new', 41);
INSERT INTO provided_action(provided_action_id, description, type, url, app_code) VALUE (78 , 'New Video Stream', 'LINK', 'https://encode.new', 42);
INSERT INTO provided_action(provided_action_id, description, type, url, app_code) VALUE (79 , 'New PlayGround', 'LINK', 'https://runkit.com/skip', 43);
INSERT INTO provided_action(provided_action_id, description, type, url, app_code) VALUE (80 , 'New Jamstack Site', 'LINK', 'https://jamstack.new', 44);
INSERT INTO provided_action(provided_action_id, description, type, url, app_code) VALUE (81 , 'New Product', 'LINK', 'https://dashboard.stripe.com/products/create', 45);
INSERT INTO provided_action(provided_action_id, description, type, url, app_code) VALUE (82 , 'New Payment', 'LINK', 'https://dashboard.stripe.com/payments/new', 45);
INSERT INTO provided_action(provided_action_id, description, type, url, app_code) VALUE (83 , 'New Invoice', 'LINK', 'https://dashboard.stripe.com/invoices/create', 45);
INSERT INTO provided_action(provided_action_id, description, type, url, app_code) VALUE (84 , 'New List', 'LINK', 'https://www.taskade.com/new', 46);
INSERT INTO provided_action(provided_action_id, description, type, url, app_code) VALUE (85 , 'New Weekly Planner', 'LINK', 'https://www.taskade.com/new/weekly', 46);
INSERT INTO provided_action(provided_action_id, description, type, url, app_code) VALUE (86 , 'New Meeting Note', 'LINK', 'https://www.taskade.com/new', 46);
INSERT INTO provided_action(provided_action_id, description, type, url, app_code) VALUE (87 , 'New Scrum Board', 'LINK', 'https://www.taskade.com/new/scrum?as=board', 46);
INSERT INTO provided_action(provided_action_id, description, type, url, app_code) VALUE (88 , 'New Mindmap', 'LINK', 'https://www.taskade.com/new/brainstorming?as=mindmap', 46);
INSERT INTO provided_action(provided_action_id, description, type, url, app_code) VALUE (89 , 'New Project', 'LINK', 'https://vercel.com/import', 47);
INSERT INTO provided_action(provided_action_id, description, type, url, app_code) VALUE (90 , 'New File Share', 'LINK', 'https://wetransfer.com', 48);
INSERT INTO provided_action(provided_action_id, description, type, url, app_code) VALUE (91 , 'New Whiteboard', 'LINK', 'https://witeboard.com', 49);
INSERT INTO provided_action(provided_action_id, description, type, url, app_code) VALUE (92 , 'New Post', 'LINK', 'https://wordpress.com/block-editor/post', 50);
INSERT INTO provided_action(provided_action_id, description, type, url, app_code) VALUE (93 , 'New Meeting Schedule', 'LINK', 'https://zoom.us/meeting/schedule', 51);
# PRODUCTION,
#     COMMUNICATION,
#     MANAGEMENT,
#     DOCUMENTATION,
#     PRESENTATION,
#     HANDY_TOOLS;
INSERT INTO app_tag(app_tag_id, tag_name) VALUE (1, 'PRODUCTION');
INSERT INTO app_tag(app_tag_id, tag_name) VALUE (2, 'COMMUNICATION');
INSERT INTO app_tag(app_tag_id, tag_name) VALUE (3, 'MANAGEMENT');
INSERT INTO app_tag(app_tag_id, tag_name) VALUE (4, 'DOCUMENTATION');
INSERT INTO app_tag(app_tag_id, tag_name) VALUE (5, 'PRESENTATION');
INSERT INTO app_tag(app_tag_id, tag_name) VALUE (6, 'HANDY_TOOLS');

INSERT INTO app_tagged(app_tag_id, app_code) VALUE (1, 2); # Adobe Spark
INSERT INTO app_tagged(app_tag_id, app_code) VALUE (1, 6); # Bitbucket
INSERT INTO app_tagged(app_tag_id, app_code) VALUE (1, 10); # Canva
INSERT INTO app_tagged(app_tag_id, app_code) VALUE (1, 12); # Code SandBox
INSERT INTO app_tagged(app_tag_id, app_code) VALUE (1, 13); # CodePen
INSERT INTO app_tagged(app_tag_id, app_code) VALUE (1, 20); # Figma
INSERT INTO app_tagged(app_tag_id, app_code) VALUE (1, 21); # Github
INSERT INTO app_tagged(app_tag_id, app_code) VALUE (1, 22); # Glitch
INSERT INTO app_tagged(app_tag_id, app_code) VALUE (1, 33); # Jira
INSERT INTO app_tagged(app_tag_id, app_code) VALUE (1, 34); # Linear
INSERT INTO app_tagged(app_tag_id, app_code) VALUE (1, 43); # RunKit
INSERT INTO app_tagged(app_tag_id, app_code) VALUE (1, 44); # Stackbit
INSERT INTO app_tagged(app_tag_id, app_code) VALUE (1, 47); #Vercel

INSERT INTO app_tagged(app_tag_id, app_code) VALUE (2, 8); # Board
INSERT INTO app_tagged(app_tag_id, app_code) VALUE (2, 17); # Discord
INSERT INTO app_tagged(app_tag_id, app_code) VALUE (2, 19); # Fast Poll
INSERT INTO app_tagged(app_tag_id, app_code) VALUE (2, 23); # Gmail
INSERT INTO app_tagged(app_tag_id, app_code) VALUE (2, 26); # Google Form
INSERT INTO app_tagged(app_tag_id, app_code) VALUE (2, 28); # Google Meet
INSERT INTO app_tagged(app_tag_id, app_code) VALUE (2, 31); # Gotalk
INSERT INTO app_tagged(app_tag_id, app_code) VALUE (2, 32); # ICQ
INSERT INTO app_tagged(app_tag_id, app_code) VALUE (2, 40); # MS Teams
INSERT INTO app_tagged(app_tag_id, app_code) VALUE (2, 49); # Witeboard
INSERT INTO app_tagged(app_tag_id, app_code) VALUE (2, 51); # Zoom

INSERT INTO app_tagged(app_tag_id, app_code) VALUE (3, 3); # Airtable
INSERT INTO app_tagged(app_tag_id, app_code) VALUE (3, 5); # Asana
INSERT INTO app_tagged(app_tag_id, app_code) VALUE (3, 7); # Bitly
INSERT INTO app_tagged(app_tag_id, app_code) VALUE (3, 9); # Buffer
INSERT INTO app_tagged(app_tag_id, app_code) VALUE (3, 24); # Google Calendar
INSERT INTO app_tagged(app_tag_id, app_code) VALUE (3, 27); # Google Keep
INSERT INTO app_tagged(app_tag_id, app_code) VALUE (3, 33); # Jira
INSERT INTO app_tagged(app_tag_id, app_code) VALUE (3, 34); # Linear
INSERT INTO app_tagged(app_tag_id, app_code) VALUE (3, 45); # Stripe
INSERT INTO app_tagged(app_tag_id, app_code) VALUE (3, 46); # Taskade

INSERT INTO app_tagged(app_tag_id, app_code) VALUE (4, 3); # Airtable
INSERT INTO app_tagged(app_tag_id, app_code) VALUE (4, 4); # AM Charts
INSERT INTO app_tagged(app_tag_id, app_code) VALUE (4, 11); # Coda
INSERT INTO app_tagged(app_tag_id, app_code) VALUE (4, 14); # Confluence
INSERT INTO app_tagged(app_tag_id, app_code) VALUE (4, 16); # DB Diagram
INSERT INTO app_tagged(app_tag_id, app_code) VALUE (4, 18); # Dropbox Paper
INSERT INTO app_tagged(app_tag_id, app_code) VALUE (4, 20); # Figma
INSERT INTO app_tagged(app_tag_id, app_code) VALUE (4, 25); # Google Docs
INSERT INTO app_tagged(app_tag_id, app_code) VALUE (4, 29); # Google Slides
INSERT INTO app_tagged(app_tag_id, app_code) VALUE (4, 30); # Google Spreadsheet
INSERT INTO app_tagged(app_tag_id, app_code) VALUE (4, 35); # Medium
INSERT INTO app_tagged(app_tag_id, app_code) VALUE (4, 36); # Memo
INSERT INTO app_tagged(app_tag_id, app_code) VALUE (4, 37); # MS Excel
INSERT INTO app_tagged(app_tag_id, app_code) VALUE (4, 38); # MS PowerPoint
INSERT INTO app_tagged(app_tag_id, app_code) VALUE (4, 39); # MS Sway
INSERT INTO app_tagged(app_tag_id, app_code) VALUE (4, 41); # MS Word
INSERT INTO app_tagged(app_tag_id, app_code) VALUE (4, 43); # RunKit
INSERT INTO app_tagged(app_tag_id, app_code) VALUE (4, 46); # Taskade
INSERT INTO app_tagged(app_tag_id, app_code) VALUE (4, 50); # Wordpress

INSERT INTO app_tagged(app_tag_id, app_code) VALUE (5, 1); # Adobe Photoshop Express
INSERT INTO app_tagged(app_tag_id, app_code) VALUE (5, 2); # Adobe Spark
INSERT INTO app_tagged(app_tag_id, app_code) VALUE (5, 4); # AM Charts
INSERT INTO app_tagged(app_tag_id, app_code) VALUE (5, 10); # Canva
INSERT INTO app_tagged(app_tag_id, app_code) VALUE (5, 16); # DB Diagram
INSERT INTO app_tagged(app_tag_id, app_code) VALUE (5, 29); # Google Slides
INSERT INTO app_tagged(app_tag_id, app_code) VALUE (5, 38); # MS PowerPoint

INSERT INTO app_tagged(app_tag_id, app_code) VALUE (6, 1); # Adobe Photoshop Express
INSERT INTO app_tagged(app_tag_id, app_code) VALUE (6, 7); # Bitly
INSERT INTO app_tagged(app_tag_id, app_code) VALUE (6, 8); # Board
INSERT INTO app_tagged(app_tag_id, app_code) VALUE (6, 15); # Dashlane
INSERT INTO app_tagged(app_tag_id, app_code) VALUE (6, 42); # Mux
INSERT INTO app_tagged(app_tag_id, app_code) VALUE (6, 45); # Stripe
INSERT INTO app_tagged(app_tag_id, app_code) VALUE (6, 48); # WeTransfer
INSERT INTO app_tagged(app_tag_id, app_code) VALUE (6, 49); # WiteBoard