INSERT INTO my_new.provided_app (app_code, app_name, domain) VALUES (1, 'Adobe Photoshop Express', 'https://photoshop.adobe.com');
INSERT INTO my_new.provided_app (app_code, app_name, domain) VALUES (2, 'Adobe Spark', 'https://spark.adobe.com');
INSERT INTO my_new.provided_app (app_code, app_name, domain) VALUES (3, 'Airtable', 'https://airtable.com');
INSERT INTO my_new.provided_app (app_code, app_name, domain) VALUES (4, 'AM Charts', 'https://www.amcharts.com');
INSERT INTO my_new.provided_app (app_code, app_name, domain) VALUES (5, 'Asana', 'https://asana.com');
INSERT INTO my_new.provided_app (app_code, app_name, domain) VALUES (6, 'Bitbucket', 'https://www.atlassian.com/software/bitbucket');
INSERT INTO my_new.provided_app (app_code, app_name, domain) VALUES (7, 'Bitly', 'https://bit.ly');
INSERT INTO my_new.provided_app (app_code, app_name, domain) VALUES (8, 'Board', 'https://letsboard.co');
INSERT INTO my_new.provided_app (app_code, app_name, domain) VALUES (9, 'Buffer', 'https://buffer.com');
INSERT INTO my_new.provided_app (app_code, app_name, domain) VALUES (10, 'Canva', 'https://canva.com');
INSERT INTO my_new.provided_app (app_code, app_name, domain) VALUES (11, 'Coda', 'https://coda.io');
INSERT INTO my_new.provided_app (app_code, app_name, domain) VALUES (12, 'Code Sandbox', 'https://codesandbox.io');
INSERT INTO my_new.provided_app (app_code, app_name, domain) VALUES (13, 'CodePen', 'https://codepen.io');
INSERT INTO my_new.provided_app (app_code, app_name, domain) VALUES (14, 'Confluence', 'https://www.atlassian.com/software/confluence');
INSERT INTO my_new.provided_app (app_code, app_name, domain) VALUES (15, 'Dashlane', 'https://dashlane.com');
INSERT INTO my_new.provided_app (app_code, app_name, domain) VALUES (16, 'DB Diagram', 'https://dbdiagram.io');
INSERT INTO my_new.provided_app (app_code, app_name, domain) VALUES (17, 'Discord', 'https://discord.com');
INSERT INTO my_new.provided_app (app_code, app_name, domain) VALUES (18, 'Dropbox paper', 'https://dropbox.com');
INSERT INTO my_new.provided_app (app_code, app_name, domain) VALUES (19, 'Fast Poll', 'https://fast-poll.com');
INSERT INTO my_new.provided_app (app_code, app_name, domain) VALUES (20, 'Figma', 'https://figma.com');
INSERT INTO my_new.provided_app (app_code, app_name, domain) VALUES (21, 'Github', 'https://github.com');
INSERT INTO my_new.provided_app (app_code, app_name, domain) VALUES (22, 'Glitch', 'https://glitch.com');
INSERT INTO my_new.provided_app (app_code, app_name, domain) VALUES (23, 'Gmail', 'https://gmail.com');
INSERT INTO my_new.provided_app (app_code, app_name, domain) VALUES (24, 'Google Calendar', 'https://calendar.google.com');
INSERT INTO my_new.provided_app (app_code, app_name, domain) VALUES (25, 'Google Docs', 'https://google.com/docs/about');
INSERT INTO my_new.provided_app (app_code, app_name, domain) VALUES (26, 'Google Forms', 'https://google.com/forms/about');
INSERT INTO my_new.provided_app (app_code, app_name, domain) VALUES (27, 'Google Keep', 'https://google.com/keep');
INSERT INTO my_new.provided_app (app_code, app_name, domain) VALUES (28, 'Google Meet', 'https://meet.google.com');
INSERT INTO my_new.provided_app (app_code, app_name, domain) VALUES (29, 'Google Slides', 'https://google.com/slides/about');
INSERT INTO my_new.provided_app (app_code, app_name, domain) VALUES (30, 'Google Spreadsheet', 'https://google.com/sheets/about');
INSERT INTO my_new.provided_app (app_code, app_name, domain) VALUES (31, 'Gotalk', 'https://gotalk.to');
INSERT INTO my_new.provided_app (app_code, app_name, domain) VALUES (32, 'ICQ', 'https://icq.com');
INSERT INTO my_new.provided_app (app_code, app_name, domain) VALUES (33, 'Jira', 'https://atlassian.com/software/jira');
INSERT INTO my_new.provided_app (app_code, app_name, domain) VALUES (34, 'Linear', 'https://linear.app');
INSERT INTO my_new.provided_app (app_code, app_name, domain) VALUES (35, 'Medium', 'https://medium.com');
INSERT INTO my_new.provided_app (app_code, app_name, domain) VALUES (36, 'Memo', 'https://usememo.com');
INSERT INTO my_new.provided_app (app_code, app_name, domain) VALUES (37, 'MS Excel', 'https://microsoft.com/microsoft-365/excel');
INSERT INTO my_new.provided_app (app_code, app_name, domain) VALUES (38, 'MS PowerPoint', 'https://microsoft.com/microsoft-365/powerpoint');
INSERT INTO my_new.provided_app (app_code, app_name, domain) VALUES (39, 'MS Sway', 'https://sway.office.com');
INSERT INTO my_new.provided_app (app_code, app_name, domain) VALUES (40, 'MS Teams', 'https://microsoft.com/microsoft-365/microsoft-teams');
INSERT INTO my_new.provided_app (app_code, app_name, domain) VALUES (41, 'MS Word', 'https://microsoft.com/microsoft-365/word');
INSERT INTO my_new.provided_app (app_code, app_name, domain) VALUES (42, 'Mux', 'https://mux.com');
INSERT INTO my_new.provided_app (app_code, app_name, domain) VALUES (43, 'RunKit', 'https://runkit.com');
INSERT INTO my_new.provided_app (app_code, app_name, domain) VALUES (44, 'Stackbit', 'https://stackbit.com');
INSERT INTO my_new.provided_app (app_code, app_name, domain) VALUES (45, 'Stripe', 'https://stripe.com');
INSERT INTO my_new.provided_app (app_code, app_name, domain) VALUES (46, 'Taskade', 'https://taskade.com');
INSERT INTO my_new.provided_app (app_code, app_name, domain) VALUES (47, 'Vercel', 'https://vercel.com');
INSERT INTO my_new.provided_app (app_code, app_name, domain) VALUES (48, 'WeTransfer', 'https://wetransfer.com');
INSERT INTO my_new.provided_app (app_code, app_name, domain) VALUES (49, 'Witeboard', 'https://witeboard.com');
INSERT INTO my_new.provided_app (app_code, app_name, domain) VALUES (50, 'Wordpress', 'https://wordpress.com');
INSERT INTO my_new.provided_app (app_code, app_name, domain) VALUES (51, 'Zoom', 'https://zoom.us');

# PRODUCTION,
#     COMMUNICATION,
#     MANAGEMENT,
#     DOCUMENTATION,
#     PRESENTATION,
#     HANDY_TOOLS;
INSERT INTO app_tag(app_tag_id, tag_name) VALUE (1, 'PRODUCTION');
INSERT INTO app_tag(app_tag_id, tag_name) VALUE (2, 'COMMUNICATION');
INSERT INTO app_tag(app_tag_id, tag_name) VALUE (3, 'MANAGEMENT');
INSERT INTO app_tag(app_tag_id, tag_name) VALUE (4, 'DOCUMENTATION');
INSERT INTO app_tag(app_tag_id, tag_name) VALUE (5, 'PRESENTATION');
INSERT INTO app_tag(app_tag_id, tag_name) VALUE (6, 'HANDY_TOOLS');

INSERT INTO app_tagged(app_tag_id, app_code) VALUE (1, 2); # Adobe Spark
INSERT INTO app_tagged(app_tag_id, app_code) VALUE (1, 6); # Bitbucket
INSERT INTO app_tagged(app_tag_id, app_code) VALUE (1, 10); # Canva
INSERT INTO app_tagged(app_tag_id, app_code) VALUE (1, 12); # Code SandBox
INSERT INTO app_tagged(app_tag_id, app_code) VALUE (1, 13); # CodePen
INSERT INTO app_tagged(app_tag_id, app_code) VALUE (1, 20); # Figma
INSERT INTO app_tagged(app_tag_id, app_code) VALUE (1, 21); # Github
INSERT INTO app_tagged(app_tag_id, app_code) VALUE (1, 22); # Glitch
INSERT INTO app_tagged(app_tag_id, app_code) VALUE (1, 33); # Jira
INSERT INTO app_tagged(app_tag_id, app_code) VALUE (1, 34); # Linear
INSERT INTO app_tagged(app_tag_id, app_code) VALUE (1, 43); # RunKit
INSERT INTO app_tagged(app_tag_id, app_code) VALUE (1, 44); # Stackbit
INSERT INTO app_tagged(app_tag_id, app_code) VALUE (1, 47); #Vercel

INSERT INTO app_tagged(app_tag_id, app_code) VALUE (2, 8); # Board
INSERT INTO app_tagged(app_tag_id, app_code) VALUE (2, 17); # Discord
INSERT INTO app_tagged(app_tag_id, app_code) VALUE (2, 19); # Fast Poll
INSERT INTO app_tagged(app_tag_id, app_code) VALUE (2, 23); # Gmail
INSERT INTO app_tagged(app_tag_id, app_code) VALUE (2, 26); # Google Form
INSERT INTO app_tagged(app_tag_id, app_code) VALUE (2, 28); # Google Meet
INSERT INTO app_tagged(app_tag_id, app_code) VALUE (2, 31); # Gotalk
INSERT INTO app_tagged(app_tag_id, app_code) VALUE (2, 32); # ICQ
INSERT INTO app_tagged(app_tag_id, app_code) VALUE (2, 40); # MS Teams
INSERT INTO app_tagged(app_tag_id, app_code) VALUE (2, 49); # Witeboard
INSERT INTO app_tagged(app_tag_id, app_code) VALUE (2, 51); # Zoom

INSERT INTO app_tagged(app_tag_id, app_code) VALUE (3, 3); # Airtable
INSERT INTO app_tagged(app_tag_id, app_code) VALUE (3, 5); # Asana
INSERT INTO app_tagged(app_tag_id, app_code) VALUE (3, 7); # Bitly
INSERT INTO app_tagged(app_tag_id, app_code) VALUE (3, 9); # Buffer
INSERT INTO app_tagged(app_tag_id, app_code) VALUE (3, 24); # Google Calendar
INSERT INTO app_tagged(app_tag_id, app_code) VALUE (3, 27); # Google Keep
INSERT INTO app_tagged(app_tag_id, app_code) VALUE (3, 33); # Jira
INSERT INTO app_tagged(app_tag_id, app_code) VALUE (3, 34); # Linear
INSERT INTO app_tagged(app_tag_id, app_code) VALUE (3, 45); # Stripe
INSERT INTO app_tagged(app_tag_id, app_code) VALUE (3, 46); # Taskade

INSERT INTO app_tagged(app_tag_id, app_code) VALUE (4, 3); # Airtable
INSERT INTO app_tagged(app_tag_id, app_code) VALUE (4, 4); # AM Charts
INSERT INTO app_tagged(app_tag_id, app_code) VALUE (4, 11); # Coda
INSERT INTO app_tagged(app_tag_id, app_code) VALUE (4, 14); # Confluence
INSERT INTO app_tagged(app_tag_id, app_code) VALUE (4, 16); # DB Diagram
INSERT INTO app_tagged(app_tag_id, app_code) VALUE (4, 18); # Dropbox Paper
INSERT INTO app_tagged(app_tag_id, app_code) VALUE (4, 20); # Figma
INSERT INTO app_tagged(app_tag_id, app_code) VALUE (4, 25); # Google Docs
INSERT INTO app_tagged(app_tag_id, app_code) VALUE (4, 29); # Google Slides
INSERT INTO app_tagged(app_tag_id, app_code) VALUE (4, 30); # Google Spreadsheet
INSERT INTO app_tagged(app_tag_id, app_code) VALUE (4, 35); # Medium
INSERT INTO app_tagged(app_tag_id, app_code) VALUE (4, 36); # Memo
INSERT INTO app_tagged(app_tag_id, app_code) VALUE (4, 37); # MS Excel
INSERT INTO app_tagged(app_tag_id, app_code) VALUE (4, 38); # MS PowerPoint
INSERT INTO app_tagged(app_tag_id, app_code) VALUE (4, 39); # MS Sway
INSERT INTO app_tagged(app_tag_id, app_code) VALUE (4, 41); # MS Word
INSERT INTO app_tagged(app_tag_id, app_code) VALUE (4, 43); # RunKit
INSERT INTO app_tagged(app_tag_id, app_code) VALUE (4, 46); # Taskade
INSERT INTO app_tagged(app_tag_id, app_code) VALUE (4, 50); # Wordpress

INSERT INTO app_tagged(app_tag_id, app_code) VALUE (5, 1); # Adobe Photoshop Express
INSERT INTO app_tagged(app_tag_id, app_code) VALUE (5, 2); # Adobe Spark
INSERT INTO app_tagged(app_tag_id, app_code) VALUE (5, 4); # AM Charts
INSERT INTO app_tagged(app_tag_id, app_code) VALUE (5, 10); # Canva
INSERT INTO app_tagged(app_tag_id, app_code) VALUE (5, 16); # DB Diagram
INSERT INTO app_tagged(app_tag_id, app_code) VALUE (5, 29); # Google Slides
INSERT INTO app_tagged(app_tag_id, app_code) VALUE (5, 38); # MS PowerPoint

INSERT INTO app_tagged(app_tag_id, app_code) VALUE (6, 1); # Adobe Photoshop Express
INSERT INTO app_tagged(app_tag_id, app_code) VALUE (6, 7); # Bitly
INSERT INTO app_tagged(app_tag_id, app_code) VALUE (6, 8); # Board
INSERT INTO app_tagged(app_tag_id, app_code) VALUE (6, 15); # Dashlane
INSERT INTO app_tagged(app_tag_id, app_code) VALUE (6, 42); # Mux
INSERT INTO app_tagged(app_tag_id, app_code) VALUE (6, 45); # Stripe
INSERT INTO app_tagged(app_tag_id, app_code) VALUE (6, 48); # WeTransfer
INSERT INTO app_tagged(app_tag_id, app_code) VALUE (6, 49); # WiteBoard