
INSERT INTO my_new.provided_app (app_code, app_name, domain, app_icon, description) VALUES (1, 'Adobe Photoshop Express', 'https://photoshop.adobe.com', 'ico-app-photoshopexpress.svg', '포토샵 익스프레스');
INSERT INTO my_new.provided_app (app_code, app_name, domain, app_icon, description) VALUES (2, 'Adobe Spark', 'https://spark.adobe.com', 'ico-app-adobespark.svg', '어도비 스파크');
INSERT INTO my_new.provided_app (app_code, app_name, domain, app_icon, description) VALUES (3, 'Airtable', 'https://airtable.com', 'ico-app-airtable.svg', '에어테이블');
INSERT INTO my_new.provided_app (app_code, app_name, domain, app_icon, description) VALUES (4, 'AM Charts', 'https://www.amcharts.com', 'ico-app-amcharts.svg', '에이엠차트');
INSERT INTO my_new.provided_app (app_code, app_name, domain, app_icon, description) VALUES (5, 'Asana', 'https://asana.com', 'ico-app-asana.svg', '아사나');
INSERT INTO my_new.provided_app (app_code, app_name, domain, app_icon, description) VALUES (6, 'Bitbucket', 'https://www.atlassian.com/software/bitbucket', 'ico-app-bitbucket.svg', '빗버킷');
INSERT INTO my_new.provided_app (app_code, app_name, domain, app_icon, description) VALUES (7, 'Bitly', 'https://bit.ly', 'ico-app-bitly.svg', '비틀리');
INSERT INTO my_new.provided_app (app_code, app_name, domain, app_icon, description) VALUES (8, 'Board', 'https://letsboard.co', 'ico-app-board.svg', '보드');
INSERT INTO my_new.provided_app (app_code, app_name, domain, app_icon, description) VALUES (9, 'Buffer', 'https://buffer.com', 'ico-app-buffer.svg', '버퍼');
INSERT INTO my_new.provided_app (app_code, app_name, domain, app_icon, description) VALUES (10, 'Canva', 'https://canva.com', 'ico-app-canva.svg', '칸바');
INSERT INTO my_new.provided_app (app_code, app_name, domain, app_icon, description) VALUES (11, 'Coda', 'https://coda.io', 'ico-app-coda.svg', '코다');
INSERT INTO my_new.provided_app (app_code, app_name, domain, app_icon, description) VALUES (12, 'Code Sandbox', 'https://codesandbox.io', 'ico-app-codesandbox.svg', '코드 샌드박스');
INSERT INTO my_new.provided_app (app_code, app_name, domain, app_icon, description) VALUES (13, 'CodePen', 'https://codepen.io', 'ico-app-codepen.svg', '코드펜');
INSERT INTO my_new.provided_app (app_code, app_name, domain, app_icon, description) VALUES (14, 'Confluence', 'https://www.atlassian.com/software/confluence', 'ico-app-confluence.svg', '컨플루언스');
INSERT INTO my_new.provided_app (app_code, app_name, domain, app_icon, description) VALUES (15, 'Dashlane', 'https://dashlane.com', 'ico-app-dashlane.svg', '대시래인');
INSERT INTO my_new.provided_app (app_code, app_name, domain, app_icon, description) VALUES (16, 'DB Diagram', 'https://dbdiagram.io', 'ico-app-dbdiagram.svg', '디비다이어그램');
INSERT INTO my_new.provided_app (app_code, app_name, domain, app_icon, description) VALUES (17, 'Discord', 'https://discord.com', 'ico-app-discord.svg', '디스코드');
INSERT INTO my_new.provided_app (app_code, app_name, domain, app_icon, description) VALUES (18, 'Dropbox paper', 'https://dropbox.com', 'ico-app-dropboxpaper.svg', '드랍박스 페이퍼');
INSERT INTO my_new.provided_app (app_code, app_name, domain, app_icon, description) VALUES (19, 'Fast Poll', 'https://fast-poll.com', 'ico-app-fastpoll.svg', '패스트 폴');
INSERT INTO my_new.provided_app (app_code, app_name, domain, app_icon, description) VALUES (20, 'Figma', 'https://figma.com', 'ico-app-figma.svg', '피그마');
INSERT INTO my_new.provided_app (app_code, app_name, domain, app_icon, description) VALUES (21, 'Github', 'https://github.com', 'ico-app-github.svg', '깃헙');
INSERT INTO my_new.provided_app (app_code, app_name, domain, app_icon, description) VALUES (22, 'Glitch', 'https://glitch.com', 'ico-app-glitch.svg', '글리치');
INSERT INTO my_new.provided_app (app_code, app_name, domain, app_icon, description) VALUES (23, 'Gmail', 'https://gmail.com', 'ico-app-gmail.svg', '지메일');
INSERT INTO my_new.provided_app (app_code, app_name, domain, app_icon, description) VALUES (24, 'Google Calendar', 'https://calendar.google.com', 'ico-app.gcalendar.svg', '구글 캘린더');
INSERT INTO my_new.provided_app (app_code, app_name, domain, app_icon, description) VALUES (25, 'Google Docs', 'https://google.com/docs/about', 'ico-app-gdocs.svg', '구글 닥스');
INSERT INTO my_new.provided_app (app_code, app_name, domain, app_icon, description) VALUES (26, 'Google Forms', 'https://google.com/forms/about', 'ico-app-gform.svg', '구글 폼');
INSERT INTO my_new.provided_app (app_code, app_name, domain, app_icon, description) VALUES (27, 'Google Keep', 'https://google.com/keep', 'ico-app-keep.svg', '구글 킵');
INSERT INTO my_new.provided_app (app_code, app_name, domain, app_icon, description) VALUES (28, 'Google Meet', 'https://meet.google.com', 'ico-app-meet.svg', '구글 밋');
INSERT INTO my_new.provided_app (app_code, app_name, domain, app_icon, description) VALUES (29, 'Google Slides', 'https://google.com/slides/about', 'ico-app-gslide.svg', '구글 슬라이드');
INSERT INTO my_new.provided_app (app_code, app_name, domain, app_icon, description) VALUES (30, 'Google Spreadsheet', 'https://google.com/sheets/about', 'ico-app-gsheet.svg', '구글 스프레드시트');
INSERT INTO my_new.provided_app (app_code, app_name, domain, app_icon, description) VALUES (31, 'Gotalk', 'https://gotalk.to', 'ico-app-gotalk.svg', '고톡');
INSERT INTO my_new.provided_app (app_code, app_name, domain, app_icon, description) VALUES (32, 'ICQ', 'https://icq.com', 'ico-app-icq.svg', '아이시큐');
INSERT INTO my_new.provided_app (app_code, app_name, domain, app_icon, description) VALUES (33, 'Jira', 'https://atlassian.com/software/jira', 'ico-app-jira.svg', '지라');
INSERT INTO my_new.provided_app (app_code, app_name, domain, app_icon, description) VALUES (34, 'Linear', 'https://linear.app', 'ico-app-linear.svg', '리니어');
INSERT INTO my_new.provided_app (app_code, app_name, domain, app_icon, description) VALUES (35, 'Medium', 'https://medium.com', 'ico-app-medium.svg', '미디엄');
INSERT INTO my_new.provided_app (app_code, app_name, domain, app_icon, description) VALUES (36, 'Memo', 'https://usememo.com', 'ico-app-memo.svg', '메모');
INSERT INTO my_new.provided_app (app_code, app_name, domain, app_icon, description) VALUES (37, 'MS Excel', 'https://microsoft.com/microsoft-365/excel', 'ico-app-msexcel.svg', '엠에스 엑셀');
INSERT INTO my_new.provided_app (app_code, app_name, domain, app_icon, description) VALUES (38, 'MS PowerPoint', 'https://microsoft.com/microsoft-365/powerpoint', 'ico-app-mspowerpoint.svg', '엠에스 파워포인트');
INSERT INTO my_new.provided_app (app_code, app_name, domain, app_icon, description) VALUES (39, 'MS Sway', 'https://sway.office.com', 'ico-app-mssway.svg', '엠에스 스웨이');
INSERT INTO my_new.provided_app (app_code, app_name, domain, app_icon, description) VALUES (40, 'MS Teams', 'https://microsoft.com/microsoft-365/microsoft-teams', 'ico-app-msteams.svg', '엠에스 팀');
INSERT INTO my_new.provided_app (app_code, app_name, domain, app_icon, description) VALUES (41, 'MS Word', 'https://microsoft.com/microsoft-365/word', 'ico-app-msword.svg', '엠에스 워드');
INSERT INTO my_new.provided_app (app_code, app_name, domain, app_icon, description) VALUES (42, 'Mux', 'https://mux.com', 'ico-app-mux.svg', '먹스');
INSERT INTO my_new.provided_app (app_code, app_name, domain, app_icon, description) VALUES (43, 'RunKit', 'https://runkit.com', 'ico-app-runkit.svg', '런킷');
INSERT INTO my_new.provided_app (app_code, app_name, domain, app_icon, description) VALUES (44, 'Stackbit', 'https://stackbit.com', 'ico-app-stackbit.svg', '스택킷');
INSERT INTO my_new.provided_app (app_code, app_name, domain, app_icon, description) VALUES (45, 'Stripe', 'https://stripe.com', 'ico-app-stripe.svg', '스트라이프');
INSERT INTO my_new.provided_app (app_code, app_name, domain, app_icon, description) VALUES (46, 'Taskade', 'https://taskade.com', 'ico-app-taskade.svg', '테스케이드');
INSERT INTO my_new.provided_app (app_code, app_name, domain, app_icon, description) VALUES (47, 'Vercel', 'https://vercel.com', 'ico-app-vercel.svg', '버셀');
INSERT INTO my_new.provided_app (app_code, app_name, domain, app_icon, description) VALUES (48, 'WeTransfer', 'https://wetransfer.com', 'ico-app-wetransfer.svg', '위트랜스퍼');
INSERT INTO my_new.provided_app (app_code, app_name, domain, app_icon, description) VALUES (49, 'Witeboard', 'https://witeboard.com', 'ico-app-witeboard.svg', '와이트보드');
INSERT INTO my_new.provided_app (app_code, app_name, domain, app_icon, description) VALUES (50, 'Wordpress', 'https://wordpress.com', 'ico-app-wordpress.svg', '워드프레스');
INSERT INTO my_new.provided_app (app_code, app_name, domain, app_icon, description) VALUES (51, 'Zoom', 'https://zoom.us','ico-app-zoom.svg', '줌');
# PRODUCTION,
#     COMMUNICATION,
#     MANAGEMENT,
#     DOCUMENTATION,
#     PRESENTATION,
#     HANDY_TOOLS;
INSERT INTO app_tag(app_tag_id, tag_name) VALUE (1, 'PRODUCTION');
INSERT INTO app_tag(app_tag_id, tag_name) VALUE (2, 'COMMUNICATION');
INSERT INTO app_tag(app_tag_id, tag_name) VALUE (3, 'MANAGEMENT');
INSERT INTO app_tag(app_tag_id, tag_name) VALUE (4, 'DOCUMENTATION');
INSERT INTO app_tag(app_tag_id, tag_name) VALUE (5, 'PRESENTATION');
INSERT INTO app_tag(app_tag_id, tag_name) VALUE (6, 'HANDY_TOOLS');

INSERT INTO connected_app_tag(connected_app_tag_id, tag_name) VALUE (1, 'PRODUCTION');
INSERT INTO connected_app_tag(connected_app_tag_id, tag_name) VALUE (2, 'COMMUNICATION');
INSERT INTO connected_app_tag(connected_app_tag_id, tag_name) VALUE (3, 'MANAGEMENT');
INSERT INTO connected_app_tag(connected_app_tag_id, tag_name) VALUE (4, 'DOCUMENTATION');
INSERT INTO connected_app_tag(connected_app_tag_id, tag_name) VALUE (5, 'PRESENTATION');
INSERT INTO connected_app_tag(connected_app_tag_id, tag_name) VALUE (6, 'HANDY_TOOLS');

INSERT INTO app_tagged(app_tag_id, app_code) VALUE (1, 2); # Adobe Spark
INSERT INTO app_tagged(app_tag_id, app_code) VALUE (1, 6); # Bitbucket
INSERT INTO app_tagged(app_tag_id, app_code) VALUE (1, 10); # Canva
INSERT INTO app_tagged(app_tag_id, app_code) VALUE (1, 12); # Code SandBox
INSERT INTO app_tagged(app_tag_id, app_code) VALUE (1, 13); # CodePen
INSERT INTO app_tagged(app_tag_id, app_code) VALUE (1, 20); # Figma
INSERT INTO app_tagged(app_tag_id, app_code) VALUE (1, 21); # Github
INSERT INTO app_tagged(app_tag_id, app_code) VALUE (1, 22); # Glitch
INSERT INTO app_tagged(app_tag_id, app_code) VALUE (1, 33); # Jira
INSERT INTO app_tagged(app_tag_id, app_code) VALUE (1, 34); # Linear
INSERT INTO app_tagged(app_tag_id, app_code) VALUE (1, 43); # RunKit
INSERT INTO app_tagged(app_tag_id, app_code) VALUE (1, 44); # Stackbit
INSERT INTO app_tagged(app_tag_id, app_code) VALUE (1, 47); #Vercel

INSERT INTO app_tagged(app_tag_id, app_code) VALUE (2, 8); # Board
INSERT INTO app_tagged(app_tag_id, app_code) VALUE (2, 17); # Discord
INSERT INTO app_tagged(app_tag_id, app_code) VALUE (2, 19); # Fast Poll
INSERT INTO app_tagged(app_tag_id, app_code) VALUE (2, 23); # Gmail
INSERT INTO app_tagged(app_tag_id, app_code) VALUE (2, 26); # Google Form
INSERT INTO app_tagged(app_tag_id, app_code) VALUE (2, 28); # Google Meet
INSERT INTO app_tagged(app_tag_id, app_code) VALUE (2, 31); # Gotalk
INSERT INTO app_tagged(app_tag_id, app_code) VALUE (2, 32); # ICQ
INSERT INTO app_tagged(app_tag_id, app_code) VALUE (2, 40); # MS Teams
INSERT INTO app_tagged(app_tag_id, app_code) VALUE (2, 49); # Witeboard
INSERT INTO app_tagged(app_tag_id, app_code) VALUE (2, 51); # Zoom

INSERT INTO app_tagged(app_tag_id, app_code) VALUE (3, 3); # Airtable
INSERT INTO app_tagged(app_tag_id, app_code) VALUE (3, 5); # Asana
INSERT INTO app_tagged(app_tag_id, app_code) VALUE (3, 7); # Bitly
INSERT INTO app_tagged(app_tag_id, app_code) VALUE (3, 9); # Buffer
INSERT INTO app_tagged(app_tag_id, app_code) VALUE (3, 24); # Google Calendar
INSERT INTO app_tagged(app_tag_id, app_code) VALUE (3, 27); # Google Keep
INSERT INTO app_tagged(app_tag_id, app_code) VALUE (3, 33); # Jira
INSERT INTO app_tagged(app_tag_id, app_code) VALUE (3, 34); # Linear
INSERT INTO app_tagged(app_tag_id, app_code) VALUE (3, 45); # Stripe
INSERT INTO app_tagged(app_tag_id, app_code) VALUE (3, 46); # Taskade

INSERT INTO app_tagged(app_tag_id, app_code) VALUE (4, 3); # Airtable
INSERT INTO app_tagged(app_tag_id, app_code) VALUE (4, 4); # AM Charts
INSERT INTO app_tagged(app_tag_id, app_code) VALUE (4, 11); # Coda
INSERT INTO app_tagged(app_tag_id, app_code) VALUE (4, 14); # Confluence
INSERT INTO app_tagged(app_tag_id, app_code) VALUE (4, 16); # DB Diagram
INSERT INTO app_tagged(app_tag_id, app_code) VALUE (4, 18); # Dropbox Paper
INSERT INTO app_tagged(app_tag_id, app_code) VALUE (4, 20); # Figma
INSERT INTO app_tagged(app_tag_id, app_code) VALUE (4, 25); # Google Docs
INSERT INTO app_tagged(app_tag_id, app_code) VALUE (4, 29); # Google Slides
INSERT INTO app_tagged(app_tag_id, app_code) VALUE (4, 30); # Google Spreadsheet
INSERT INTO app_tagged(app_tag_id, app_code) VALUE (4, 35); # Medium
INSERT INTO app_tagged(app_tag_id, app_code) VALUE (4, 36); # Memo
INSERT INTO app_tagged(app_tag_id, app_code) VALUE (4, 37); # MS Excel
INSERT INTO app_tagged(app_tag_id, app_code) VALUE (4, 38); # MS PowerPoint
INSERT INTO app_tagged(app_tag_id, app_code) VALUE (4, 39); # MS Sway
INSERT INTO app_tagged(app_tag_id, app_code) VALUE (4, 41); # MS Word
INSERT INTO app_tagged(app_tag_id, app_code) VALUE (4, 43); # RunKit
INSERT INTO app_tagged(app_tag_id, app_code) VALUE (4, 46); # Taskade
INSERT INTO app_tagged(app_tag_id, app_code) VALUE (4, 50); # Wordpress

INSERT INTO app_tagged(app_tag_id, app_code) VALUE (5, 1); # Adobe Photoshop Express
INSERT INTO app_tagged(app_tag_id, app_code) VALUE (5, 2); # Adobe Spark
INSERT INTO app_tagged(app_tag_id, app_code) VALUE (5, 4); # AM Charts
INSERT INTO app_tagged(app_tag_id, app_code) VALUE (5, 10); # Canva
INSERT INTO app_tagged(app_tag_id, app_code) VALUE (5, 16); # DB Diagram
INSERT INTO app_tagged(app_tag_id, app_code) VALUE (5, 29); # Google Slides
INSERT INTO app_tagged(app_tag_id, app_code) VALUE (5, 38); # MS PowerPoint

INSERT INTO app_tagged(app_tag_id, app_code) VALUE (6, 1); # Adobe Photoshop Express
INSERT INTO app_tagged(app_tag_id, app_code) VALUE (6, 7); # Bitly
INSERT INTO app_tagged(app_tag_id, app_code) VALUE (6, 8); # Board
INSERT INTO app_tagged(app_tag_id, app_code) VALUE (6, 15); # Dashlane
INSERT INTO app_tagged(app_tag_id, app_code) VALUE (6, 42); # Mux
INSERT INTO app_tagged(app_tag_id, app_code) VALUE (6, 45); # Stripe
INSERT INTO app_tagged(app_tag_id, app_code) VALUE (6, 48); # WeTransfer
INSERT INTO app_tagged(app_tag_id, app_code) VALUE (6, 49); # WiteBoard